country,2018_Actual_Revenue_USD,2018_Actual_Attendance,2018_Shows,2026_Shows,2026_Proj_Revenue_USD,2026_Proj_Attendance
South Korea,8524155.0,90000.0,2.0,2.0,22459337.515626665,82000.0
France,4579172.0,40600.0,2.0,2.0,51023976.66868966,160000.0
Brazil,7712318.0,84728.0,2.0,3.0,35222686.43228684,135000.0
